,기온(°C),강수량(mm),풍속(m__s),습도(%),증기압(hPa),현지기압(hPa),일조(hr),지면온도(°C),SO2,CO,O3,NO2,PM10,PM25
경상대,0.9640488378818116,0.1456464283617299,0.554730887960981,0.7696298758122173,0.9682945246415255,0.2172396613390378,0.7568980115586296,0.9338664941590477,0.1764226392924425,0.4739089108777947,0.7115423764967449,0.5818546785843628,0.5732962484587169,0.5617199349061937
남제주소내,0.922698656104462,0.04727084880085,0.2703897976367939,0.4191163119479267,0.9321895672224068,0.2362832603922614,0.6283297617114074,0.8734922140665757,-0.0021263290707049,0.2946306159077487,0.4217364767690506,0.472041772950665,0.288691143812621,0.2766088560371746
부산복합자재창고,0.9428910907300442,0.1354527661415791,0.3341179010600522,0.5384042484931518,0.9587305325271264,0.4335634177983472,0.7274130805813793,0.9171079075290932,0.1098234621430035,0.2545077594059721,0.6257704614466935,0.5238440669068937,0.5294994714370999,0.5586118103619875
인천수산정수장,0.9491755303644452,0.1673850112060652,0.4385097157294836,0.6264709169920922,0.9626570425948916,0.4885917830556335,0.7998166167334838,0.9557535111607848,0.3935806838284317,0.4437810461328537,0.6723824912187283,0.4970746144370077,0.6072879943720023,0.6275367911421457
하동보건소,0.9503208314920056,0.1333825979702443,0.4696621387318627,0.6171951856365934,0.9376806691611512,0.085564072433894,0.7426939297953588,0.920307039756758,0.0136694507224163,0.1746576947868974,0.6159573021918432,0.3407362633330353,0.4344547423709616,0.4507902529484629
신안,0.9678377475630786,0.1349822290972501,0.3886243020335516,0.7441529471346047,0.9608941649008192,0.3637729160589143,0.7531829679425033,0.9449800590298296,0.1317819671432594,0.4868681273607568,0.6524718011293208,0.5665790981071848,0.5725069607753962,0.5578670011632314
