,기온(°C),강수량(mm),풍속(m__s),습도(%),증기압(hPa),현지기압(hPa),일조(hr),지면온도(°C),SO2,CO,O3,NO2,PM10,PM25
경상대,0.9380619926666488,0.17104232756954,0.3479369058575652,0.5804383232397258,0.9465195180164478,0.0905025174511269,0.7675268031788107,0.9069424292622,0.0985467159849576,0.2569102653556538,0.4516264459261931,0.4691069164751628,0.4785530695283231,0.389534074519599
부산복합자재창고,0.9644759934858969,0.1063362503188078,0.2694206632959625,0.6827604804177092,0.9525310768101388,0.1790318294415024,0.7570860263558973,0.9047170176117604,0.1928477320231141,0.1376982642749787,0.5068894663753135,0.4859532789183009,0.4349666070802941,0.3881378271935176
영월본부,0.922698656104462,0.04727084880085,0.2703897976367939,0.4191163119479267,0.9321895672224068,0.2362832603922614,0.6283297617114074,0.8734922140665757,-0.0021263290707049,0.2946306159077487,0.4217364767690506,0.472041772950665,0.288691143812621,0.2766088560371746
인천수산정수장,0.9484107616328592,0.0604137761743635,0.2219110969417742,0.46835837840725,0.9208099954118472,0.2067541481298053,0.6468881995255626,0.8766141326343122,0.1372455406166895,0.1816310128805012,0.3854568038339702,0.4309471605211964,0.3053657334296428,0.2787532376580255
하동보건소,0.9485714285971396,0.214448011287857,0.4501051107903233,0.6189099614359767,0.9216130550227756,0.0556262026968476,0.7784586017281466,0.9149709204264538,0.1221083541612593,0.1627405448816702,0.4817100977390994,0.2852503751643361,0.4558835333158433,0.4150986388451435
신안,0.9555897921315072,0.1130870454967449,0.3183197589395271,0.5750098326275198,0.9377803156065678,0.2290084387644401,0.7422241965747618,0.9066617131943576,0.0639518409123743,0.2982070449418164,0.5133893735992191,0.5152754982288956,0.5184324809406705,0.4373007862017379
