,기온(°C),강수량(mm),풍속(m__s),습도(%),증기압(hPa),현지기압(hPa),일조(hr),지면온도(°C),SO2,CO,O3,NO2,PM10,PM25
경상대,0.9629878426742552,0.6032764439218281,0.5314110287084852,0.7451085331949281,0.944664939304824,0.0676493264871375,0.9180793018042986,0.9513850398004312,0.1927219516020655,0.168071830128301,0.6288095912228564,0.4150345517231128,0.5975546518704146,0.6036941548862945
남제주소내,0.9485714285971396,0.214448011287857,0.4501051107903233,0.6189099614359767,0.9216130550227756,0.0556262026968476,0.7784586017281466,0.9149709204264538,0.1221083541612593,0.1627405448816702,0.4817100977390994,0.2852503751643361,0.4558835333158433,0.4150986388451435
부산복합자재창고,0.9628919679685384,0.3163287872384313,0.3695495020315713,0.7337092038950319,0.9399011552750194,0.1004522610200874,0.8632982433577352,0.9500105690806344,0.1618243486474405,0.1092240934690937,0.6187061274717175,0.3580201961292599,0.4409240504366017,0.466363329965225
영월본부,0.9503208314920056,0.1333825979702443,0.4696621387318627,0.6171951856365934,0.9376806691611512,0.085564072433894,0.7426939297953588,0.920307039756758,0.0136694507224163,0.1746576947868974,0.6159573021918432,0.3407362633330353,0.4344547423709616,0.4507902529484629
인천수산정수장,0.9460223591137336,0.1323028863976041,0.4511478805960091,0.599171181040281,0.9269786480365844,0.116155365971295,0.7339727263790202,0.9175344926928388,0.1437014789446856,0.1267750926742628,0.4918028090847927,0.3248557569102833,0.3566212513494308,0.4022552365525031
신안,0.9699893435302211,0.2850365928434955,0.4297427163889092,0.7941429904269579,0.942538774121548,0.1291264894800248,0.8686480061095033,0.9513478502937898,0.0549199832669537,0.1280064651612582,0.6145961318110005,0.3996536632495559,0.5487561730106543,0.518498974530495
