,기온(°C),강수량(mm),풍속(m__s),습도(%),증기압(hPa),현지기압(hPa),일조(hr),지면온도(°C),SO2,CO,O3,NO2,PM10,PM25
경상대,0.9538589567380334,0.3904892661852497,0.4287402261235397,0.7023269131008699,0.9691494864695664,0.333866017939586,0.8849430254299232,0.9432780453458092,0.2019270083893437,0.2365738167619092,0.7070355307814914,0.5575856798054522,0.6416421524818443,0.6465493479272493
남제주소내,0.9644759934858969,0.1063362503188078,0.2694206632959625,0.6827604804177092,0.9525310768101388,0.1790318294415024,0.7570860263558973,0.9047170176117604,0.1928477320231141,0.1376982642749787,0.5068894663753135,0.4859532789183009,0.4349666070802941,0.3881378271935176
영월본부,0.9428910907300442,0.1354527661415791,0.3341179010600522,0.5384042484931518,0.9587305325271264,0.4335634177983472,0.7274130805813793,0.9171079075290932,0.1098234621430035,0.2545077594059721,0.6257704614466935,0.5238440669068937,0.5294994714370999,0.5586118103619875
인천수산정수장,0.9514520375705536,0.1088174180134636,0.3548738660457937,0.5567933954621848,0.9413288850872124,0.5512693772783529,0.718511998464908,0.908514879254162,0.2434691563161305,0.2753139037778955,0.5409596696198676,0.50865997220575,0.4446976483506765,0.4803019439724194
하동보건소,0.9628919679685384,0.3163287872384313,0.3695495020315713,0.7337092038950319,0.9399011552750194,0.1004522610200874,0.8632982433577352,0.9500105690806344,0.1618243486474405,0.1092240934690937,0.6187061274717175,0.3580201961292599,0.4409240504366017,0.466363329965225
신안,0.960396295738168,0.1998534943287464,0.3924109456570786,0.660026000526046,0.9503056106422804,0.4115020740301755,0.8004086293023398,0.9436736686343992,0.0020574662589522,0.2877681423080261,0.6298083726759918,0.5974193681388562,0.5809883975839812,0.538773236297515
