,기온(°C),강수량(mm),풍속(m__s),습도(%),증기압(hPa),현지기압(hPa),일조(hr),지면온도(°C),SO2,CO,O3,NO2,PM10,PM25
남제주소내,0.9380619926666488,0.17104232756954,0.3479369058575652,0.5804383232397258,0.9465195180164478,0.0905025174511269,0.7675268031788107,0.9069424292622,0.0985467159849576,0.2569102653556538,0.4516264459261931,0.4691069164751628,0.4785530695283231,0.389534074519599
부산복합자재창고,0.9538589567380334,0.3904892661852497,0.4287402261235397,0.7023269131008699,0.9691494864695664,0.333866017939586,0.8849430254299232,0.9432780453458092,0.2019270083893437,0.2365738167619092,0.7070355307814914,0.5575856798054522,0.6416421524818443,0.6465493479272493
영월본부,0.9640488378818116,0.1456464283617299,0.554730887960981,0.7696298758122173,0.9682945246415255,0.2172396613390378,0.7568980115586296,0.9338664941590477,0.1764226392924425,0.4739089108777947,0.7115423764967449,0.5818546785843628,0.5732962484587169,0.5617199349061937
인천수산정수장,0.930902163786175,0.1413875627704074,0.4368812804968414,0.6258718463696231,0.950225564196266,0.190301966512406,0.7447536118769335,0.9293869669129954,0.2492351964807781,0.3807390525679948,0.5778264659655782,0.4798362593065083,0.4665637923120755,0.4883685758630952
하동보건소,0.9629878426742552,0.6032764439218281,0.5314110287084852,0.7451085331949281,0.944664939304824,0.0676493264871375,0.9180793018042986,0.9513850398004312,0.1927219516020655,0.168071830128301,0.6288095912228564,0.4150345517231128,0.5975546518704146,0.6036941548862945
신안,0.969313104731826,0.3031238174827907,0.4906715782330512,0.8052165076193492,0.9663806211145762,0.2079527342937431,0.8531749051435076,0.9544145902731852,0.097056817251501,0.4821515984836947,0.6951231410948453,0.6106912402111891,0.6498100844419844,0.5836400255354921
