,기온(°C),강수량(mm),풍속(m__s),습도(%),증기압(hPa),현지기압(hPa),일조(hr),지면온도(°C),SO2,CO,O3,NO2,PM10,PM25
경상대,0.969313104731826,0.3031238174827907,0.4906715782330512,0.8052165076193492,0.9663806211145762,0.2079527342937431,0.8531749051435076,0.9544145902731852,0.097056817251501,0.4821515984836947,0.6951231410948453,0.6106912402111891,0.6498100844419844,0.5836400255354921
남제주소내,0.9555897921315072,0.1130870454967449,0.3183197589395271,0.5750098326275198,0.9377803156065678,0.2290084387644401,0.7422241965747618,0.9066617131943576,0.0639518409123743,0.2982070449418164,0.5133893735992191,0.5152754982288956,0.5184324809406705,0.4373007862017379
부산복합자재창고,0.960396295738168,0.1998534943287464,0.3924109456570786,0.660026000526046,0.9503056106422804,0.4115020740301755,0.8004086293023398,0.9436736686343992,0.0020574662589522,0.2877681423080261,0.6298083726759918,0.5974193681388562,0.5809883975839812,0.538773236297515
영월본부,0.9678377475630786,0.1349822290972501,0.3886243020335516,0.7441529471346047,0.9608941649008192,0.3637729160589143,0.7531829679425033,0.9449800590298296,0.1317819671432594,0.4868681273607568,0.6524718011293208,0.5665790981071848,0.5725069607753962,0.5578670011632314
인천수산정수장,0.966470759793576,0.0781428983144907,0.3761040334772308,0.6485285012640774,0.9497313752665402,0.4823259208282462,0.7462556791602264,0.935658411611482,0.0945703594706902,0.4648569679136101,0.561962070699278,0.5700807290677684,0.5702729748921289,0.5561437569495484
하동보건소,0.9699893435302211,0.2850365928434955,0.4297427163889092,0.7941429904269579,0.942538774121548,0.1291264894800248,0.8686480061095033,0.9513478502937898,0.0549199832669537,0.1280064651612582,0.6145961318110005,0.3996536632495559,0.5487561730106543,0.518498974530495
